"code","geog_level","period","med","mad"
"4g-coverage","upper",2023,99.99,0.0148260000000076
"4g-coverage","lower",2023,99.98,0.0296519999999941
"average-travel-time-long-cycling","region",2017,10.77429646,0.958538884212
"average-travel-time-long-cycling","region",2019,10.37872704,0.9595375502286
"average-travel-time-long-cycling","region",2015,11,1.4826
"average-travel-time-long-cycling","region",2014,11.3,0.889559999999999
"average-travel-time-long-cycling","region",2016,11.3,1.33434
"average-travel-time-long-cycling","upper",2017,9.597776649,1.7948300017326
"average-travel-time-long-cycling","upper",2019,9.182030997,1.642224166065
"average-travel-time-long-cycling","upper",2015,9.845333509,1.8039800499924
"average-travel-time-long-cycling","upper",2014,9.857314774,1.8176435462976
"average-travel-time-long-cycling","upper",2016,10.00955033,1.835522195976
"average-travel-time-long-cycling","lower",2017,10.23609961,2.028951361857
"average-travel-time-long-cycling","lower",2019,9.815505358,1.9879638455544
"average-travel-time-long-cycling","lower",2015,10.82643724,2.50869841614
"average-travel-time-long-cycling","lower",2014,10.70518436,2.4388162623258
"average-travel-time-long-cycling","lower",2016,10.95999271,2.4218062131312
"average-travel-time-long-driving","region",2015,8,1.4826
"average-travel-time-long-driving","region",2017,8.453109389,0.350587917888599
"average-travel-time-long-driving","region",2016,8.7,0.296520000000002
"average-travel-time-long-driving","region",2014,8.6,0.296520000000002
"average-travel-time-long-driving","region",2019,7.806043283,0.390212659405799
"average-travel-time-long-driving","upper",2015,8.015682066,0.766018329741
"average-travel-time-long-driving","upper",2017,8.125902402,0.620334292384799
"average-travel-time-long-driving","upper",2016,8.278226307,0.630265580405998
"average-travel-time-long-driving","upper",2014,8.153504562,0.6470124532746
"average-travel-time-long-driving","upper",2019,7.431237616,0.60326126679
"average-travel-time-long-driving","lower",2015,8.359884361,0.958340817747601
"average-travel-time-long-driving","lower",2017,8.370192799,0.711911936899799
"average-travel-time-long-driving","lower",2016,8.647453107,0.852430796006999
"average-travel-time-long-driving","lower",2014,8.46178184,0.858165632171401
"average-travel-time-long-driving","lower",2019,7.612229467,0.7251422812368
"average-travel-time-long-public transport or walking","region",2019,12.20302561,1.103091776346
"average-travel-time-long-public transport or walking","region",2016,14.37,1.008168
"average-travel-time-long-public transport or walking","region",2017,12.88341026,0.848798448245998
"average-travel-time-long-public transport or walking","region",2014,13.5,0.7413
"average-travel-time-long-public transport or walking","region",2015,13.5,0.59304
"average-travel-time-long-public transport or walking","upper",2019,10.62245933,2.679067406946
"average-travel-time-long-public transport or walking","upper",2016,12.20335265,2.827085965536
"average-travel-time-long-public transport or walking","upper",2017,11.17021129,2.811466774536
"average-travel-time-long-public transport or walking","upper",2014,11.670565,2.8734261393054
"average-travel-time-long-public transport or walking","upper",2015,11.48791904,2.8936909595538
"average-travel-time-long-public transport or walking","lower",2019,11.39654467,2.9768445301728
"average-travel-time-long-public transport or walking","lower",2016,13.43648229,3.30027464235
"average-travel-time-long-public transport or walking","lower",2017,12.19889578,2.97886104705
"average-travel-time-long-public transport or walking","lower",2014,12.74617108,3.329900429982
"average-travel-time-long-public transport or walking","lower",2015,12.87907175,3.380080168584
"gigabit-capable-broadband","upper",2023,80.5,12.89862
"gigabit-capable-broadband","lower",2023,73.45,20.23749
"additions-to-the-housing-stock","region",2021,10,0
"additions-to-the-housing-stock","upper",2021,8,4.4478
"additions-to-the-housing-stock","lower",2021,9,4.4478
"employment-rate-long-Employment Rate","region",2012,69.35,2.66868000000001
"employment-rate-long-Employment Rate","region",2006,71.6,3.85476
"employment-rate-long-Employment Rate","region",2008,70,3.63236999999999
"employment-rate-long-Employment Rate","region",2005,71.45,4.29954
"employment-rate-long-Employment Rate","region",2020,73.75,1.85325
"employment-rate-long-Employment Rate","region",2009,68.5,4.07715
"employment-rate-long-Employment Rate","region",2011,67.85,2.74281
"employment-rate-long-Employment Rate","region",2004,72.05,4.67019000000001
"employment-rate-long-Employment Rate","region",2010,68.5,3.40998
"employment-rate-long-Employment Rate","region",2022,74.55,2.07564
"employment-rate-long-Employment Rate","region",2014,71.4,3.03933000000001
"employment-rate-long-Employment Rate","region",2017,73.8,1.55673
"employment-rate-long-Employment Rate","region",2013,69.85,2.66868000000001
"employment-rate-long-Employment Rate","region",2007,71.2,3.48410999999999
"employment-rate-long-Employment Rate","region",2018,74,1.55673000000001
"employment-rate-long-Employment Rate","region",2019,74.7,2.29803000000001
"employment-rate-long-Employment Rate","region",2015,72.55,2.81694
"employment-rate-long-Employment Rate","region",2021,74.05,1.55673000000001
"employment-rate-long-Employment Rate","region",2016,73.1,2.44629
"employment-rate-long-Employment Rate","upper",2012,69.45,5.1891
"employment-rate-long-Employment Rate","upper",2006,71.9,5.9304
"employment-rate-long-Employment Rate","upper",2008,70.85,5.55975
"employment-rate-long-Employment Rate","upper",2005,71.6,5.78213999999999
"employment-rate-long-Employment Rate","upper",2020,73.9,3.85475999999999
"employment-rate-long-Employment Rate","upper",2009,69.5,5.04084
"employment-rate-long-Employment Rate","upper",2011,68.9,5.11497
"employment-rate-long-Employment Rate","upper",2004,72.1,5.26323
"employment-rate-long-Employment Rate","upper",2010,69.25,5.11497
"employment-rate-long-Employment Rate","upper",2022,74.8,4.59605999999999
"employment-rate-long-Employment Rate","upper",2014,72.05,5.04083999999999
"employment-rate-long-Employment Rate","upper",2017,74.35,4.74431999999999
"employment-rate-long-Employment Rate","upper",2013,71.05,5.1891
"employment-rate-long-Employment Rate","upper",2007,71.4,5.9304
"employment-rate-long-Employment Rate","upper",2018,74.3,4.74432
"employment-rate-long-Employment Rate","upper",2019,74.8,4.59606000000001
"employment-rate-long-Employment Rate","upper",2015,72.8,4.89258
"employment-rate-long-Employment Rate","upper",2021,74.2,4.96670999999999
"employment-rate-long-Employment Rate","upper",2016,73.55,4.52193
"employment-rate-long-Employment Rate","lower",2012,72.6,5.78213999999999
"employment-rate-long-Employment Rate","lower",2006,74.3,5.1891
"employment-rate-long-Employment Rate","lower",2008,73.9,5.48561999999998
"employment-rate-long-Employment Rate","lower",2005,74.55,5.78214000000001
"employment-rate-long-Employment Rate","lower",2020,75.4,4.59606000000001
"employment-rate-long-Employment Rate","lower",2009,72.2,5.33735999999999
"employment-rate-long-Employment Rate","lower",2011,71.7,6.07865999999999
"employment-rate-long-Employment Rate","lower",2004,74.6,4.89258000000002
"employment-rate-long-Employment Rate","lower",2010,72,5.48562
"employment-rate-long-Employment Rate","lower",2022,76.1,4.89258
"employment-rate-long-Employment Rate","lower",2014,74.1,5.48562
"employment-rate-long-Employment Rate","lower",2017,76.6,5.04084000000001
"employment-rate-long-Employment Rate","lower",2013,73.3,5.48562
"employment-rate-long-Employment Rate","lower",2007,74.3,5.48562
"employment-rate-long-Employment Rate","lower",2018,76.5,5.1891
"employment-rate-long-Employment Rate","lower",2019,77.3,5.78214000000001
"employment-rate-long-Employment Rate","lower",2015,75,5.33735999999999
"employment-rate-long-Employment Rate","lower",2021,75.8,5.63388
"employment-rate-long-Employment Rate","lower",2016,75.5,5.48562
"employment-rate-long-Unemployment Rate","region",2005,5.15,0.59304
"employment-rate-long-Unemployment Rate","region",2022,3.45,0.59304
"employment-rate-long-Unemployment Rate","region",2009,7.95,1.63086
"employment-rate-long-Unemployment Rate","region",2020,4.75,1.03782
"employment-rate-long-Unemployment Rate","region",2015,5.7,0.667170000000001
"employment-rate-long-Unemployment Rate","region",2017,4.4,0.81543
"employment-rate-long-Unemployment Rate","region",2019,3.8,0.7413
"employment-rate-long-Unemployment Rate","region",2021,3.85,0.7413
"employment-rate-long-Unemployment Rate","region",2013,7.55,1.33434
"employment-rate-long-Unemployment Rate","region",2008,6.65,1.63086
"employment-rate-long-Unemployment Rate","region",2011,8.4,1.63086
"employment-rate-long-Unemployment Rate","region",2006,5.3,0.59304
"employment-rate-long-Unemployment Rate","region",2007,5.25,1.4826
"employment-rate-long-Unemployment Rate","region",2012,8.2,1.4826
"employment-rate-long-Unemployment Rate","region",2014,6.6,0.741300000000001
"employment-rate-long-Unemployment Rate","region",2004,4.8,0.66717
"employment-rate-long-Unemployment Rate","region",2016,4.8,1.18608
"employment-rate-long-Unemployment Rate","region",2010,7.85,1.55673
"employment-rate-long-Unemployment Rate","region",2018,4.4,0.7413
"employment-rate-long-Unemployment Rate","upper",2005,5.45,2.00151
"employment-rate-long-Unemployment Rate","upper",2022,3.6,1.4826
"employment-rate-long-Unemployment Rate","upper",2009,8.45,2.52042
"employment-rate-long-Unemployment Rate","upper",2020,4.75,1.55673
"employment-rate-long-Unemployment Rate","upper",2015,5.7,1.77912
"employment-rate-long-Unemployment Rate","upper",2017,4.6,1.63086
"employment-rate-long-Unemployment Rate","upper",2019,4.2,1.63086
"employment-rate-long-Unemployment Rate","upper",2021,4.3,1.77912
"employment-rate-long-Unemployment Rate","upper",2013,7.9,2.59455
"employment-rate-long-Unemployment Rate","upper",2008,6.6,2.37216
"employment-rate-long-Unemployment Rate","upper",2011,9,3.11346
"employment-rate-long-Unemployment Rate","upper",2006,5.65,2.00151
"employment-rate-long-Unemployment Rate","upper",2007,5.6,1.92738
"employment-rate-long-Unemployment Rate","upper",2012,8.4,2.81694
"employment-rate-long-Unemployment Rate","upper",2014,6.6,2.2239
"employment-rate-long-Unemployment Rate","upper",2004,4.9,1.92738
"employment-rate-long-Unemployment Rate","upper",2016,5,1.77912
"employment-rate-long-Unemployment Rate","upper",2010,8.4,2.52042
"employment-rate-long-Unemployment Rate","upper",2018,4.5,1.63086
"employment-rate-long-Unemployment Rate","lower",2005,4.7,2.2239
"employment-rate-long-Unemployment Rate","lower",2022,3.95,1.77912
"employment-rate-long-Unemployment Rate","lower",2009,7.2,2.66868
"employment-rate-long-Unemployment Rate","lower",2020,5,1.92738
"employment-rate-long-Unemployment Rate","lower",2015,4.9,2.07564
"employment-rate-long-Unemployment Rate","lower",2017,4.4,1.4826
"employment-rate-long-Unemployment Rate","lower",2019,3.9,1.55673
"employment-rate-long-Unemployment Rate","lower",2021,4.2,1.77912
"employment-rate-long-Unemployment Rate","lower",2013,6.6,2.9652
"employment-rate-long-Unemployment Rate","lower",2008,5.8,2.52042
"employment-rate-long-Unemployment Rate","lower",2011,7.5,3.11346
"employment-rate-long-Unemployment Rate","lower",2006,4.95,2.00151
"employment-rate-long-Unemployment Rate","lower",2007,4.9,2.07564
"employment-rate-long-Unemployment Rate","lower",2012,7.25,3.18759
"employment-rate-long-Unemployment Rate","lower",2014,5.7,2.2239
"employment-rate-long-Unemployment Rate","lower",2004,4,1.63086
"employment-rate-long-Unemployment Rate","lower",2016,4.7,1.92738
"employment-rate-long-Unemployment Rate","lower",2010,7.35,2.81694
"employment-rate-long-Unemployment Rate","lower",2018,4.3,1.63086
"employment-rate-long-Economic Activity Rate","region",2020,77.8,2.66868
"employment-rate-long-Economic Activity Rate","region",2017,77.45,1.33433999999999
"employment-rate-long-Economic Activity Rate","region",2007,75.55,3.11345999999999
"employment-rate-long-Economic Activity Rate","region",2010,74.7,3.03933
"employment-rate-long-Economic Activity Rate","region",2005,75.4,3.55824000000001
"employment-rate-long-Economic Activity Rate","region",2008,75.55,2.9652
"employment-rate-long-Economic Activity Rate","region",2006,75.8,3.40998000000001
"employment-rate-long-Economic Activity Rate","region",2014,76.75,3.11346
"employment-rate-long-Economic Activity Rate","region",2009,75.45,3.18759
"employment-rate-long-Economic Activity Rate","region",2015,77.15,2.74281000000001
"employment-rate-long-Economic Activity Rate","region",2019,77.95,2.37216
"employment-rate-long-Economic Activity Rate","region",2016,76.8,2.14976999999999
"employment-rate-long-Economic Activity Rate","region",2018,77.65,1.70499
"employment-rate-long-Economic Activity Rate","region",2012,76.25,2.59455
"employment-rate-long-Economic Activity Rate","region",2011,74.8,2.74281
"employment-rate-long-Economic Activity Rate","region",2022,77.45,2.74281
"employment-rate-long-Economic Activity Rate","region",2013,76.45,2.00150999999999
"employment-rate-long-Economic Activity Rate","region",2021,77.6,2.2239
"employment-rate-long-Economic Activity Rate","region",2004,75.65,3.85476
"employment-rate-long-Economic Activity Rate","upper",2020,77.75,4.07715
"employment-rate-long-Economic Activity Rate","upper",2017,78.1,4.07715
"employment-rate-long-Economic Activity Rate","upper",2007,75.65,4.67019
"employment-rate-long-Economic Activity Rate","upper",2010,75.75,4.37367
"employment-rate-long-Economic Activity Rate","upper",2005,76.1,4.74432
"employment-rate-long-Economic Activity Rate","upper",2008,76.35,3.92889000000001
"employment-rate-long-Economic Activity Rate","upper",2006,76.35,4.89258
"employment-rate-long-Economic Activity Rate","upper",2014,77.15,4.07714999999999
"employment-rate-long-Economic Activity Rate","upper",2009,76,3.78063
"employment-rate-long-Economic Activity Rate","upper",2015,77.35,3.7065
"employment-rate-long-Economic Activity Rate","upper",2019,78.05,4.07715
"employment-rate-long-Economic Activity Rate","upper",2016,77.5,3.85475999999999
"employment-rate-long-Economic Activity Rate","upper",2018,78,3.78063
"employment-rate-long-Economic Activity Rate","upper",2012,76.5,3.55824000000001
"employment-rate-long-Economic Activity Rate","upper",2011,75.75,3.63237
"employment-rate-long-Economic Activity Rate","upper",2022,77.7,4.52193000000001
"employment-rate-long-Economic Activity Rate","upper",2013,77.05,3.92889000000001
"employment-rate-long-Economic Activity Rate","upper",2021,77.5,4.00302
"employment-rate-long-Economic Activity Rate","upper",2004,75.8,4.52193
"employment-rate-long-Economic Activity Rate","lower",2020,79.3,4.74432
"employment-rate-long-Economic Activity Rate","lower",2017,79.3,4.59606000000001
"employment-rate-long-Economic Activity Rate","lower",2007,77.8,4.59605999999999
"employment-rate-long-Economic Activity Rate","lower",2010,77.2,4.4478
"employment-rate-long-Economic Activity Rate","lower",2005,77.9,5.04083999999999
"employment-rate-long-Economic Activity Rate","lower",2008,77.8,4.74432
"employment-rate-long-Economic Activity Rate","lower",2006,78,4.4478
"employment-rate-long-Economic Activity Rate","lower",2014,78.3,4.15128
"employment-rate-long-Economic Activity Rate","lower",2009,77.4,4.4478
"employment-rate-long-Economic Activity Rate","lower",2015,79,4.74432
"employment-rate-long-Economic Activity Rate","lower",2019,80.1,4.59606000000001
"employment-rate-long-Economic Activity Rate","lower",2016,78.8,4.59605999999999
"employment-rate-long-Economic Activity Rate","lower",2018,79.6,4.74432
"employment-rate-long-Economic Activity Rate","lower",2012,77.9,4.00302
"employment-rate-long-Economic Activity Rate","lower",2011,77.3,4.15128
"employment-rate-long-Economic Activity Rate","lower",2022,78.8,5.04083999999999
"employment-rate-long-Economic Activity Rate","lower",2013,78.5,4.4478
"employment-rate-long-Economic Activity Rate","lower",2021,78.8,4.89258
"employment-rate-long-Economic Activity Rate","lower",2004,77.9,4.00302
"employment-rate-long-Economic Inactivity Rate","region",2004,24.35,3.85476
"employment-rate-long-Economic Inactivity Rate","region",2014,23.25,3.11346
"employment-rate-long-Economic Inactivity Rate","region",2021,22.4,2.2239
"employment-rate-long-Economic Inactivity Rate","region",2013,23.55,2.00151
"employment-rate-long-Economic Inactivity Rate","region",2018,22.35,1.70499
"employment-rate-long-Economic Inactivity Rate","region",2009,24.55,3.18759
"employment-rate-long-Economic Inactivity Rate","region",2019,22.05,2.37216
"employment-rate-long-Economic Inactivity Rate","region",2015,22.85,2.74281
"employment-rate-long-Economic Inactivity Rate","region",2011,25.2,2.74281
"employment-rate-long-Economic Inactivity Rate","region",2017,22.55,1.33434
"employment-rate-long-Economic Inactivity Rate","region",2016,23.2,2.14977
"employment-rate-long-Economic Inactivity Rate","region",2005,24.6,3.55824
"employment-rate-long-Economic Inactivity Rate","region",2008,24.45,2.9652
"employment-rate-long-Economic Inactivity Rate","region",2012,23.75,2.59455
"employment-rate-long-Economic Inactivity Rate","region",2022,22.55,2.74281
"employment-rate-long-Economic Inactivity Rate","region",2020,22.2,2.66868
"employment-rate-long-Economic Inactivity Rate","region",2010,25.3,3.03933
"employment-rate-long-Economic Inactivity Rate","region",2006,24.2,3.40998
"employment-rate-long-Economic Inactivity Rate","region",2007,24.45,3.11346
"employment-rate-long-Economic Inactivity Rate","upper",2004,24.2,4.52193
"employment-rate-long-Economic Inactivity Rate","upper",2014,22.85,4.07715
"employment-rate-long-Economic Inactivity Rate","upper",2021,22.5,4.00302
"employment-rate-long-Economic Inactivity Rate","upper",2013,22.95,3.92889
"employment-rate-long-Economic Inactivity Rate","upper",2018,22,3.78063
"employment-rate-long-Economic Inactivity Rate","upper",2009,24,3.78063
"employment-rate-long-Economic Inactivity Rate","upper",2019,21.95,4.07715
"employment-rate-long-Economic Inactivity Rate","upper",2015,22.65,3.7065
"employment-rate-long-Economic Inactivity Rate","upper",2011,24.25,3.63237
"employment-rate-long-Economic Inactivity Rate","upper",2017,21.9,4.07715
"employment-rate-long-Economic Inactivity Rate","upper",2016,22.5,3.85476
"employment-rate-long-Economic Inactivity Rate","upper",2005,23.9,4.74432
"employment-rate-long-Economic Inactivity Rate","upper",2008,23.65,3.92889
"employment-rate-long-Economic Inactivity Rate","upper",2012,23.5,3.55824
"employment-rate-long-Economic Inactivity Rate","upper",2022,22.3,4.52193
"employment-rate-long-Economic Inactivity Rate","upper",2020,22.25,4.07715
"employment-rate-long-Economic Inactivity Rate","upper",2010,24.25,4.37367
"employment-rate-long-Economic Inactivity Rate","upper",2006,23.65,4.89258
"employment-rate-long-Economic Inactivity Rate","upper",2007,24.35,4.67019
"employment-rate-long-Economic Inactivity Rate","lower",2004,22.1,4.00302
"employment-rate-long-Economic Inactivity Rate","lower",2014,21.7,4.15128
"employment-rate-long-Economic Inactivity Rate","lower",2021,21.2,4.89258
"employment-rate-long-Economic Inactivity Rate","lower",2013,21.5,4.4478
"employment-rate-long-Economic Inactivity Rate","lower",2018,20.4,4.74432
"employment-rate-long-Economic Inactivity Rate","lower",2009,22.6,4.4478
"employment-rate-long-Economic Inactivity Rate","lower",2019,19.9,4.59606
"employment-rate-long-Economic Inactivity Rate","lower",2015,21,4.74432
"employment-rate-long-Economic Inactivity Rate","lower",2011,22.7,4.15128
"employment-rate-long-Economic Inactivity Rate","lower",2017,20.7,4.59606
"employment-rate-long-Economic Inactivity Rate","lower",2016,21.2,4.59606
"employment-rate-long-Economic Inactivity Rate","lower",2005,22.1,5.04084
"employment-rate-long-Economic Inactivity Rate","lower",2008,22.2,4.74432
"employment-rate-long-Economic Inactivity Rate","lower",2012,22.1,4.00302
"employment-rate-long-Economic Inactivity Rate","lower",2022,21.2,5.04084
"employment-rate-long-Economic Inactivity Rate","lower",2020,20.7,4.74432
"employment-rate-long-Economic Inactivity Rate","lower",2010,22.8,4.4478
"employment-rate-long-Economic Inactivity Rate","lower",2006,22,4.4478
"employment-rate-long-Economic Inactivity Rate","lower",2007,22.2,4.59606
"gross-disposable-household-income-per-head","region",2009,14565.5,1473.7044
"gross-disposable-household-income-per-head","region",1999,10459.5,997.7898
"gross-disposable-household-income-per-head","region",2005,12895.5,993.342
"gross-disposable-household-income-per-head","region",1998,9999,904.386
"gross-disposable-household-income-per-head","region",2006,13327,1037.82
"gross-disposable-household-income-per-head","region",2018,18273.5,1799.8764
"gross-disposable-household-income-per-head","region",2011,14919.5,1418.1069
"gross-disposable-household-income-per-head","region",2007,14013,1363.992
"gross-disposable-household-income-per-head","region",2010,14654,1444.7937
"gross-disposable-household-income-per-head","region",2015,17111,1802.8416
"gross-disposable-household-income-per-head","region",2020,18872,2028.1968
"gross-disposable-household-income-per-head","region",2014,16274.5,1604.9145
"gross-disposable-household-income-per-head","region",1997,9789,684.2199
"gross-disposable-household-income-per-head","region",2002,11716,940.7097
"gross-disposable-household-income-per-head","region",2008,14217,1639.0143
"gross-disposable-household-income-per-head","region",2004,12473,908.8338
"gross-disposable-household-income-per-head","region",2001,11435,908.8338
"gross-disposable-household-income-per-head","region",2013,15880.5,1566.3669
"gross-disposable-household-income-per-head","region",2003,12048.5,937.0032
"gross-disposable-household-income-per-head","region",2000,11042.5,909.5751
"gross-disposable-household-income-per-head","region",2019,18730.5,1950.3603
"gross-disposable-household-income-per-head","region",2017,17587,1763.5527
"gross-disposable-household-income-per-head","region",2012,15431.5,1513.7346
"gross-disposable-household-income-per-head","region",2016,17114,1700.5422
"gross-disposable-household-income-per-head","upper",2009,14633,2490.768
"gross-disposable-household-income-per-head","upper",1999,10254,1810.2546
"gross-disposable-household-income-per-head","upper",2005,12876,2112.705
"gross-disposable-household-income-per-head","upper",1998,9892,1706.4726
"gross-disposable-household-income-per-head","upper",2006,13431,2237.2434
"gross-disposable-household-income-per-head","upper",2018,18588,3393.6714
"gross-disposable-household-income-per-head","upper",2011,15163,2601.963
"gross-disposable-household-income-per-head","upper",2007,13992,2475.942
"gross-disposable-household-income-per-head","upper",2010,14885,2538.2112
"gross-disposable-household-income-per-head","upper",2015,17183,3211.3116
"gross-disposable-household-income-per-head","upper",2020,19180,3493.0056
"gross-disposable-household-income-per-head","upper",2014,16450,2925.1698
"gross-disposable-household-income-per-head","upper",1997,9705,1647.1686
"gross-disposable-household-income-per-head","upper",2002,11622,1908.1062
"gross-disposable-household-income-per-head","upper",2008,14484,2701.2972
"gross-disposable-household-income-per-head","upper",2004,12459,2051.9184
"gross-disposable-household-income-per-head","upper",2001,11242,1891.7976
"gross-disposable-household-income-per-head","upper",2013,16137,2802.114
"gross-disposable-household-income-per-head","upper",2003,11974,2007.4404
"gross-disposable-household-income-per-head","upper",2000,10812,1928.8626
"gross-disposable-household-income-per-head","upper",2019,19128,3538.9662
"gross-disposable-household-income-per-head","upper",2017,17813,3235.0332
"gross-disposable-household-income-per-head","upper",2012,15650,2687.9538
"gross-disposable-household-income-per-head","upper",2016,17350,3248.3766
"gross-disposable-household-income-per-head","lower",2009,15651,2985.2151
"gross-disposable-household-income-per-head","lower",1999,10988.5,2129.7549
"gross-disposable-household-income-per-head","lower",2005,13627.5,2544.1416
"gross-disposable-household-income-per-head","lower",1998,10584.5,2145.3222
"gross-disposable-household-income-per-head","lower",2006,14120,2825.0943
"gross-disposable-household-income-per-head","lower",2018,19736,4096.4238
"gross-disposable-household-income-per-head","lower",2011,16060,2965.9413
"gross-disposable-household-income-per-head","lower",2007,14812,2886.6222
"gross-disposable-household-income-per-head","lower",2010,15790,2958.5283
"gross-disposable-household-income-per-head","lower",2015,18404.5,3836.2275
"gross-disposable-household-income-per-head","lower",2020,20200.5,3839.934
"gross-disposable-household-income-per-head","lower",2014,17464.5,3486.3339
"gross-disposable-household-income-per-head","lower",1997,10344.5,2075.64
"gross-disposable-household-income-per-head","lower",2002,12311.5,2269.1193
"gross-disposable-household-income-per-head","lower",2008,15219,3078.6189
"gross-disposable-household-income-per-head","lower",2004,13141.5,2425.5336
"gross-disposable-household-income-per-head","lower",2001,12008,2266.1541
"gross-disposable-household-income-per-head","lower",2013,17117,3377.3628
"gross-disposable-household-income-per-head","lower",2003,12646.5,2280.2388
"gross-disposable-household-income-per-head","lower",2000,11598.5,2242.4325
"gross-disposable-household-income-per-head","lower",2019,20245.5,4197.2406
"gross-disposable-household-income-per-head","lower",2017,18964.5,3813.2472
"gross-disposable-household-income-per-head","lower",2012,16632,3172.764
"gross-disposable-household-income-per-head","lower",2016,18497,3875.5164
"gross-median-weekly-pay","region",2021,480.2,16.3827300000001
"gross-median-weekly-pay","region",2012,379.6,14.38122
"gross-median-weekly-pay","region",2019,453.9,18.31011
"gross-median-weekly-pay","region",2015,400.45,17.5688099999999
"gross-median-weekly-pay","region",2014,393.45,14.75187
"gross-median-weekly-pay","region",2017,421.6,14.97426
"gross-median-weekly-pay","region",2011,372.3,12.00906
"gross-median-weekly-pay","region",2008,368.95,21.94248
"gross-median-weekly-pay","region",2018,432.9,17.0499
"gross-median-weekly-pay","region",2009,375.3,18.5325
"gross-median-weekly-pay","region",2016,413.55,14.45535
"gross-median-weekly-pay","region",2010,381.05,17.93946
"gross-median-weekly-pay","region",2013,390.85,13.78818
"gross-median-weekly-pay","region",2022,506.25,13.41753
"gross-median-weekly-pay","region",2020,459.05,27.65049
"gross-median-weekly-pay","region",2006,345,13.71405
"gross-median-weekly-pay","region",2005,333.95,16.67925
"gross-median-weekly-pay","region",2004,325.35,9.34038000000002
"gross-median-weekly-pay","region",2002,304.85,15.64143
"gross-median-weekly-pay","region",2003,316.6,16.23447
"gross-median-weekly-pay","region",2007,354.2,16.82751
"gross-median-weekly-pay","upper",2021,490,49.96362
"gross-median-weekly-pay","upper",2012,388,47.4432
"gross-median-weekly-pay","upper",2019,460,49.81536
"gross-median-weekly-pay","upper",2015,412.9,45.9606
"gross-median-weekly-pay","upper",2014,401.4,42.9954
"gross-median-weekly-pay","upper",2017,430.6,45.81234
"gross-median-weekly-pay","upper",2011,383.5,44.18148
"gross-median-weekly-pay","upper",2008,371.5,41.5128
"gross-median-weekly-pay","upper",2018,440.65,43.6625699999999
"gross-median-weekly-pay","upper",2009,384,45.51582
"gross-median-weekly-pay","upper",2016,421.3,48.62928
"gross-median-weekly-pay","upper",2010,388.2,45.51582
"gross-median-weekly-pay","upper",2013,400,44.478
"gross-median-weekly-pay","upper",2022,519.8,48.9257999999999
"gross-median-weekly-pay","upper",2020,468.4,52.18752
"gross-median-weekly-pay","upper",2006,358.8,36.39783
"gross-median-weekly-pay","upper",2005,338.75,31.8759
"gross-median-weekly-pay","upper",2004,334.6,28.98483
"gross-median-weekly-pay","upper",2002,315.7,36.24957
"gross-median-weekly-pay","upper",2003,327.45,32.83959
"gross-median-weekly-pay","upper",2007,365.1,33.21024
"gross-median-weekly-pay","lower",2021,492.45,55.22685
"gross-median-weekly-pay","lower",2012,398.1,60.0453
"gross-median-weekly-pay","lower",2019,466.05,55.30098
"gross-median-weekly-pay","lower",2015,415.3,56.93184
"gross-median-weekly-pay","lower",2014,404.3,49.51884
"gross-median-weekly-pay","lower",2017,432.6,55.07859
"gross-median-weekly-pay","lower",2011,390.8,55.00446
"gross-median-weekly-pay","lower",2008,378.6,51.59448
"gross-median-weekly-pay","lower",2018,448.4,55.0044599999999
"gross-median-weekly-pay","lower",2009,385,53.3736
"gross-median-weekly-pay","lower",2016,424.35,56.41293
"gross-median-weekly-pay","lower",2010,393.5,50.26014
"gross-median-weekly-pay","lower",2013,406.6,56.3388
"gross-median-weekly-pay","lower",2022,521.9,54.7820699999999
"gross-median-weekly-pay","lower",2020,468.25,60.34182
"gross-value-added-per-hour-worked","region",2008,25.93,2.038575
"gross-value-added-per-hour-worked","region",2012,27.535,1.875489
"gross-value-added-per-hour-worked","region",2010,26.605,2.216487
"gross-value-added-per-hour-worked","region",2007,25.215,2.038575
"gross-value-added-per-hour-worked","region",2021,33.915,2.127531
"gross-value-added-per-hour-worked","region",2018,31.625,2.431464
"gross-value-added-per-hour-worked","region",2005,23.11,1.33434
"gross-value-added-per-hour-worked","region",2015,29.155,2.134944
"gross-value-added-per-hour-worked","region",2009,26.305,2.120118
"gross-value-added-per-hour-worked","region",2013,27.96,1.912554
"gross-value-added-per-hour-worked","region",2014,28.51,2.045988
"gross-value-added-per-hour-worked","region",2019,32.555,2.431464
"gross-value-added-per-hour-worked","region",2016,29.92,2.275791
"gross-value-added-per-hour-worked","region",2004,23.22,1.393644
"gross-value-added-per-hour-worked","region",2020,33.465,2.097879
"gross-value-added-per-hour-worked","region",2006,24.35,1.793946
"gross-value-added-per-hour-worked","region",2011,27.06,2.023749
"gross-value-added-per-hour-worked","region",2017,30.73,2.349921
"gross-value-added-per-hour-worked","upper",2008,25.56,4.37367
"gross-value-added-per-hour-worked","upper",2012,28.17,4.59606
"gross-value-added-per-hour-worked","upper",2010,27.06,4.551582
"gross-value-added-per-hour-worked","upper",2007,24.87,4.403322
"gross-value-added-per-hour-worked","upper",2021,34.34,5.50044599999999
"gross-value-added-per-hour-worked","upper",2018,31.97,5.307708
"gross-value-added-per-hour-worked","upper",2005,23.24,4.091976
"gross-value-added-per-hour-worked","upper",2015,29.81,4.714668
"gross-value-added-per-hour-worked","upper",2009,26.5,4.581234
"gross-value-added-per-hour-worked","upper",2013,28.48,4.432974
"gross-value-added-per-hour-worked","upper",2014,29.16,4.59606
"gross-value-added-per-hour-worked","upper",2019,32.87,5.574576
"gross-value-added-per-hour-worked","upper",2016,30.27,4.773972
"gross-value-added-per-hour-worked","upper",2004,23.3,4.062324
"gross-value-added-per-hour-worked","upper",2020,33.7,5.515272
"gross-value-added-per-hour-worked","upper",2006,24.07,3.943716
"gross-value-added-per-hour-worked","upper",2011,27.59,4.610886
"gross-value-added-per-hour-worked","upper",2017,30.92,4.96671
"gross-value-added-per-hour-worked","lower",2008,25.565,4.529343
"gross-value-added-per-hour-worked","lower",2012,27.58,4.796211
"gross-value-added-per-hour-worked","lower",2010,26.785,4.610886
"gross-value-added-per-hour-worked","lower",2007,24.92,4.640538
"gross-value-added-per-hour-worked","lower",2021,34.275,5.589402
"gross-value-added-per-hour-worked","lower",2018,31.775,5.374425
"gross-value-added-per-hour-worked","lower",2005,23.41,4.321779
"gross-value-added-per-hour-worked","lower",2015,29.155,4.722081
"gross-value-added-per-hour-worked","lower",2009,26.25,4.67019
"gross-value-added-per-hour-worked","lower",2013,27.945,4.714668
"gross-value-added-per-hour-worked","lower",2014,28.45,4.766559
"gross-value-added-per-hour-worked","lower",2019,32.875,5.537511
"gross-value-added-per-hour-worked","lower",2016,29.93,4.848102
"gross-value-added-per-hour-worked","lower",2004,23.525,4.381083
"gross-value-added-per-hour-worked","lower",2020,33.78,5.63388
"gross-value-added-per-hour-worked","lower",2006,24.07,4.255062
"gross-value-added-per-hour-worked","lower",2011,27.08,4.685016
"gross-value-added-per-hour-worked","lower",2017,30.78,5.085318
"aged-16-to-64-years-level-3-or-above-qualifications","region",2004,42,2.81694
"aged-16-to-64-years-level-3-or-above-qualifications","region",2013,51.05,3.78063
"aged-16-to-64-years-level-3-or-above-qualifications","region",2017,53.95,3.70650000000001
"aged-16-to-64-years-level-3-or-above-qualifications","region",2020,58.15,2.89107
"aged-16-to-64-years-level-3-or-above-qualifications","region",2019,55.25,2.59455
"aged-16-to-64-years-level-3-or-above-qualifications","region",2012,49.8,4.22541
"aged-16-to-64-years-level-3-or-above-qualifications","region",2005,42.25,2.9652
"aged-16-to-64-years-level-3-or-above-qualifications","region",2014,52,4.00302
"aged-16-to-64-years-level-3-or-above-qualifications","region",2015,52.3,2.9652
"aged-16-to-64-years-level-3-or-above-qualifications","region",2016,53.6,3.85476
"aged-16-to-64-years-level-3-or-above-qualifications","region",2018,54.55,3.03933
"aged-16-to-64-years-level-3-or-above-qualifications","region",2006,43.1,2.81693999999999
"aged-16-to-64-years-level-3-or-above-qualifications","region",2021,58.2,2.44629
"aged-16-to-64-years-level-3-or-above-qualifications","region",2009,44.75,2.29803
"aged-16-to-64-years-level-3-or-above-qualifications","region",2007,43.85,1.92737999999999
"aged-16-to-64-years-level-3-or-above-qualifications","region",2011,48,4.59606
"aged-16-to-64-years-level-3-or-above-qualifications","region",2008,43.25,1.63086
"aged-16-to-64-years-level-3-or-above-qualifications","region",2010,46.55,2.52041999999999
"aged-16-to-64-years-level-3-or-above-qualifications","upper",2004,43.45,6.81996
"aged-16-to-64-years-level-3-or-above-qualifications","upper",2013,53.1,8.00604
"aged-16-to-64-years-level-3-or-above-qualifications","upper",2017,55.7,7.413
"aged-16-to-64-years-level-3-or-above-qualifications","upper",2020,60.2,8.52495
"aged-16-to-64-years-level-3-or-above-qualifications","upper",2019,57.3,8.30255999999999
"aged-16-to-64-years-level-3-or-above-qualifications","upper",2012,51.8,7.85778000000001
"aged-16-to-64-years-level-3-or-above-qualifications","upper",2005,44.1,7.70952
"aged-16-to-64-years-level-3-or-above-qualifications","upper",2014,54,8.30256
"aged-16-to-64-years-level-3-or-above-qualifications","upper",2015,55.1,7.85778000000001
"aged-16-to-64-years-level-3-or-above-qualifications","upper",2016,55.9,7.70952
"aged-16-to-64-years-level-3-or-above-qualifications","upper",2018,56.55,8.37669000000001
"aged-16-to-64-years-level-3-or-above-qualifications","upper",2006,45.6,6.96822
"aged-16-to-64-years-level-3-or-above-qualifications","upper",2021,60.75,8.1543
"aged-16-to-64-years-level-3-or-above-qualifications","upper",2009,47.1,7.33887
"aged-16-to-64-years-level-3-or-above-qualifications","upper",2007,45.6,7.56126
"aged-16-to-64-years-level-3-or-above-qualifications","upper",2011,50,7.70952
"aged-16-to-64-years-level-3-or-above-qualifications","upper",2008,45.9,7.413
"aged-16-to-64-years-level-3-or-above-qualifications","upper",2010,48.9,7.11648
"aged-16-to-64-years-level-3-or-above-qualifications","lower",2004,43.6,7.413
"aged-16-to-64-years-level-3-or-above-qualifications","lower",2013,53.4,8.1543
"aged-16-to-64-years-level-3-or-above-qualifications","lower",2017,56.1,9.34038
"aged-16-to-64-years-level-3-or-above-qualifications","lower",2020,60.6,9.19212
"aged-16-to-64-years-level-3-or-above-qualifications","lower",2019,57.9,9.19211999999999
"aged-16-to-64-years-level-3-or-above-qualifications","lower",2012,52.9,8.45081999999999
"aged-16-to-64-years-level-3-or-above-qualifications","lower",2005,44.6,7.70952
"aged-16-to-64-years-level-3-or-above-qualifications","lower",2014,54.05,8.37669
"aged-16-to-64-years-level-3-or-above-qualifications","lower",2015,55.2,8.74734000000001
"aged-16-to-64-years-level-3-or-above-qualifications","lower",2016,56.35,8.52495000000001
"aged-16-to-64-years-level-3-or-above-qualifications","lower",2018,57,9.19212
"aged-16-to-64-years-level-3-or-above-qualifications","lower",2006,45.1,7.70952
"aged-16-to-64-years-level-3-or-above-qualifications","lower",2021,60.4,9.19211999999999
"aged-16-to-64-years-level-3-or-above-qualifications","lower",2009,46.9,7.70952
"aged-16-to-64-years-level-3-or-above-qualifications","lower",2007,46.1,8.30256
"aged-16-to-64-years-level-3-or-above-qualifications","lower",2011,50.3,8.1543
"aged-16-to-64-years-level-3-or-above-qualifications","lower",2008,46,7.85778
"aged-16-to-64-years-level-3-or-above-qualifications","lower",2010,48.85,7.33887000000001
"aged-19-years-and-over-further-education-and-skills-learner-achievements","upper",2020,4850,2690.919
"aged-19-years-and-over-further-education-and-skills-learner-achievements","upper",2019,4860,2550.072
"aged-19-years-and-over-further-education-and-skills-learner-achievements","upper",2018,6195,3254.307
"aged-19-years-and-over-further-education-and-skills-learner-achievements","upper",2021,4960,2809.527
"aged-19-years-and-over-further-education-and-skills-learner-achievements","lower",2020,4245,1934.793
"aged-19-years-and-over-further-education-and-skills-learner-achievements","lower",2019,4230,2068.227
"aged-19-years-and-over-further-education-and-skills-learner-achievements","lower",2018,5475,2720.571
"aged-19-years-and-over-further-education-and-skills-learner-achievements","lower",2021,4325,2001.51
"aged-19-years-and-over-further-education-and-skills-participation","region",2022,4041,415.128
"aged-19-years-and-over-further-education-and-skills-participation","region",2017,6648,1270.5882
"aged-19-years-and-over-further-education-and-skills-participation","region",2019,5394,447.7452
"aged-19-years-and-over-further-education-and-skills-participation","region",2021,5295,314.3112
"aged-19-years-and-over-further-education-and-skills-participation","region",2018,6364,1034.8548
"aged-19-years-and-over-further-education-and-skills-participation","region",2020,4998,395.8542
"aged-19-years-and-over-further-education-and-skills-participation","upper",2022,3969.5,765.0216
"aged-19-years-and-over-further-education-and-skills-participation","upper",2017,6740,1694.6118
"aged-19-years-and-over-further-education-and-skills-participation","upper",2019,5424.5,1011.1332
"aged-19-years-and-over-further-education-and-skills-participation","upper",2021,5238,1021.5114
"aged-19-years-and-over-further-education-and-skills-participation","upper",2018,6382,1513.7346
"aged-19-years-and-over-further-education-and-skills-participation","upper",2020,5025.5,979.2573
"aged-19-years-and-over-further-education-and-skills-participation","lower",2022,3589,729.4392
"aged-19-years-and-over-further-education-and-skills-participation","lower",2017,6041,1713.8856
"aged-19-years-and-over-further-education-and-skills-participation","lower",2019,4929,1181.6322
"aged-19-years-and-over-further-education-and-skills-participation","lower",2021,4732,994.8246
"aged-19-years-and-over-further-education-and-skills-participation","lower",2018,5789.5,1518.1824
"aged-19-years-and-over-further-education-and-skills-participation","lower",2020,4557,993.342
"apprenticeships-achievements","region",2020,470,84.5082
"apprenticeships-achievements","region",2017,928,85.9908
"apprenticeships-achievements","region",2018,597,83.0256
"apprenticeships-achievements","region",2021,412,81.543
"apprenticeships-achievements","region",2019,468,81.543
"apprenticeships-achievements","region",2022,185,29.652
"apprenticeships-achievements","upper",2020,447,139.3644
"apprenticeships-achievements","upper",2017,764.5,374.3565
"apprenticeships-achievements","upper",2018,543,225.3552
"apprenticeships-achievements","upper",2021,392,120.0906
"apprenticeships-achievements","upper",2019,428,158.6382
"apprenticeships-achievements","upper",2022,171,48.9258
"apprenticeships-achievements","lower",2020,455.5,117.8667
"apprenticeships-achievements","lower",2017,764.5,326.172
"apprenticeships-achievements","lower",2018,539,189.0315
"apprenticeships-achievements","lower",2021,400,100.0755
"apprenticeships-achievements","lower",2019,431,136.3992
"apprenticeships-achievements","lower",2022,175,42.2541
"apprenticeships-starts","region",2020,982,121.5732
"apprenticeships-starts","region",2017,1173,200.151
"apprenticeships-starts","region",2019,1009,130.4688
"apprenticeships-starts","region",2018,1251,195.7032
"apprenticeships-starts","region",2021,1055,158.6382
"apprenticeships-starts","region",2022,578,112.6776
"apprenticeships-starts","upper",2020,938,235.7334
"apprenticeships-starts","upper",2017,1095,390.6651
"apprenticeships-starts","upper",2019,929,266.868
"apprenticeships-starts","upper",2018,1125,366.9435
"apprenticeships-starts","upper",2021,980,280.2114
"apprenticeships-starts","upper",2022,566,151.2252
"apprenticeships-starts","lower",2020,930.5,198.6684
"apprenticeships-starts","lower",2017,1094,332.1024
"apprenticeships-starts","lower",2019,926.5,239.4399
"apprenticeships-starts","lower",2018,1127,303.933
"apprenticeships-starts","lower",2021,992.5,225.3552
"apprenticeships-starts","lower",2022,567,126.021
"children-at-expected-level-for-language-by-end-of-early-years-foundation-stage","region",2021,79.4,1.03781999999998
"children-at-expected-level-for-language-by-end-of-early-years-foundation-stage","upper",2021,79.5,3.40998
"children-at-expected-level-for-language-by-end-of-early-years-foundation-stage","lower",2021,80.3,3.7065
"children-at-expected-level-for-literacy-by-end-of-early-years-foundation-stage","region",2021,67.2,1.33434000000001
"children-at-expected-level-for-literacy-by-end-of-early-years-foundation-stage","upper",2021,68.15,3.40998
"children-at-expected-level-for-literacy-by-end-of-early-years-foundation-stage","lower",2021,68.6,4.00301999999998
"children-at-expected-level-for-maths-by-end-of-early-years-foundation-stage","region",2021,75.2,2.52042
"children-at-expected-level-for-maths-by-end-of-early-years-foundation-stage","upper",2021,76.15,3.40998
"children-at-expected-level-for-maths-by-end-of-early-years-foundation-stage","lower",2021,77,4.15128
"gcses-and-equivalent-in-english-and-maths-by-age-19","region",2016,71.11839727,2.35179398340599
"gcses-and-equivalent-in-english-and-maths-by-age-19","region",2020,72.91729779,2.17470602731202
"gcses-and-equivalent-in-english-and-maths-by-age-19","region",2019,70.43740573,2.09981761810799
"gcses-and-equivalent-in-english-and-maths-by-age-19","region",2018,70.47240393,1.403755065132
"gcses-and-equivalent-in-english-and-maths-by-age-19","region",2017,70.38895859,2.598734994324
"gcses-and-equivalent-in-english-and-maths-by-age-19","region",2021,74.28732788,2.19439703095201
"gcses-and-equivalent-in-english-and-maths-by-age-19","upper",2016,71.351921155,3.536719408656
"gcses-and-equivalent-in-english-and-maths-by-age-19","upper",2020,72.29425028,5.00387811483001
"gcses-and-equivalent-in-english-and-maths-by-age-19","upper",2019,70.87795206,4.891497887325
"gcses-and-equivalent-in-english-and-maths-by-age-19","upper",2018,71.39712505,4.220547412998
"gcses-and-equivalent-in-english-and-maths-by-age-19","upper",2017,71.113205795,4.504946379633
"gcses-and-equivalent-in-english-and-maths-by-age-19","upper",2021,74.54346238,5.00817793652402
"gcses-and-equivalent-in-english-and-maths-by-age-19","lower",2016,71.889126325,5.45654338964699
"gcses-and-equivalent-in-english-and-maths-by-age-19","lower",2020,73.42589934,5.925111506496
"gcses-and-equivalent-in-english-and-maths-by-age-19","lower",2019,71.49470899,6.344815047312
"gcses-and-equivalent-in-english-and-maths-by-age-19","lower",2018,71.98847262,5.87552756553001
"gcses-and-equivalent-in-english-and-maths-by-age-19","lower",2017,71.52018503,6.01211340263099
"gcses-and-equivalent-in-english-and-maths-by-age-19","lower",2021,75.213473775,5.608411215204
"persistent-absences-for-all-pupils","region",2020,12.19704,1.328587512
"persistent-absences-for-all-pupils","region",2015,10.66359,0.566227178999999
"persistent-absences-for-all-pupils","region",2011,13.72681,0.461429597999997
"persistent-absences-for-all-pupils","region",2009,17.188535,0.449694818999999
"persistent-absences-for-all-pupils","region",2018,11.02956,0.677058942
"persistent-absences-for-all-pupils","region",2017,11.479695,1.001266497
"persistent-absences-for-all-pupils","region",2010,16.2878,0.882643670999999
"persistent-absences-for-all-pupils","region",2021,23.23891,1.089770304
"persistent-absences-for-all-pupils","region",2012,13.93369,0.689312631000001
"persistent-absences-for-all-pupils","region",2014,11.023655,0.384163898999999
"persistent-absences-for-all-pupils","region",2013,10.758,0.240477720000001
"persistent-absences-for-all-pupils","region",2008,18.47361,1.162847658
"persistent-absences-for-all-pupils","region",2016,11.02576,0.675635646
"persistent-absences-for-all-pupils","upper",2020,11.87857,2.171223222
"persistent-absences-for-all-pupils","upper",2015,10.50934,1.558864944
"persistent-absences-for-all-pupils","upper",2011,13.2547,1.689141006
"persistent-absences-for-all-pupils","upper",2009,17.16834,2.127471696
"persistent-absences-for-all-pupils","upper",2018,10.75597,1.424912034
"persistent-absences-for-all-pupils","upper",2017,11.09336,1.465461144
"persistent-absences-for-all-pupils","upper",2010,16.01356,2.052852438
"persistent-absences-for-all-pupils","upper",2021,22.43737,2.771083182
"persistent-absences-for-all-pupils","upper",2012,13.40354,1.851945312
"persistent-absences-for-all-pupils","upper",2014,10.76603,1.549361478
"persistent-absences-for-all-pupils","upper",2013,10.58335,1.505046564
"persistent-absences-for-all-pupils","upper",2008,18.44031,2.479010982
"persistent-absences-for-all-pupils","upper",2016,10.72295,1.46325207
"persistent-absences-for-all-pupils","lower",2020,12.17556,2.103246012
"persistent-absences-for-all-pupils","lower",2015,10.656,1.586856432
"persistent-absences-for-all-pupils","lower",2011,13.26558,1.82291600400001
"persistent-absences-for-all-pupils","lower",2009,17.49754,2.305265088
"persistent-absences-for-all-pupils","lower",2018,10.89749,1.63656801
"persistent-absences-for-all-pupils","lower",2017,11.28658,1.699237512
"persistent-absences-for-all-pupils","lower",2010,16.2878,2.107797594
"persistent-absences-for-all-pupils","lower",2021,22.44093,3.040308516
"persistent-absences-for-all-pupils","lower",2012,13.46261,2.283174348
"persistent-absences-for-all-pupils","lower",2014,10.93909,1.597516326
"persistent-absences-for-all-pupils","lower",2013,10.59802,1.526796306
"persistent-absences-for-all-pupils","lower",2008,18.61783,2.494533804
"persistent-absences-for-all-pupils","lower",2016,10.90323,1.7012835
"persistent-absences-for-pupils-eligible-for-free-school-meals","region",2020,23.4921,0.972934011000001
"persistent-absences-for-pupils-eligible-for-free-school-meals","region",2021,38.331565,2.168094936
"persistent-absences-for-pupils-eligible-for-free-school-meals","region",2017,21.324805,0.941873541000002
"persistent-absences-for-pupils-eligible-for-free-school-meals","region",2018,21.281725,1.223641671
"persistent-absences-for-pupils-eligible-for-free-school-meals","upper",2020,23.60616,3.416221746
"persistent-absences-for-pupils-eligible-for-free-school-meals","upper",2021,37.77871,4.353150816
"persistent-absences-for-pupils-eligible-for-free-school-meals","upper",2017,21.20728,2.897400702
"persistent-absences-for-pupils-eligible-for-free-school-meals","upper",2018,21.04128,2.798970888
"persistent-absences-for-pupils-eligible-for-free-school-meals","lower",2020,23.43552,3.678745728
"persistent-absences-for-pupils-eligible-for-free-school-meals","lower",2021,36.71605,5.035606422
"persistent-absences-for-pupils-eligible-for-free-school-meals","lower",2017,20.66911,3.293047338
"persistent-absences-for-pupils-eligible-for-free-school-meals","lower",2018,20.45653,3.381113778
"persistent-absences-for-pupils-looked-after-by-local-authorities","region",2021,19,1.77912
"persistent-absences-for-pupils-looked-after-by-local-authorities","region",2018,12.7,1.18608
"persistent-absences-for-pupils-looked-after-by-local-authorities","region",2020,31.7,2.66868
"persistent-absences-for-pupils-looked-after-by-local-authorities","region",2016,10.7,0.889560000000002
"persistent-absences-for-pupils-looked-after-by-local-authorities","region",2017,11.6,0.7413
"persistent-absences-for-pupils-looked-after-by-local-authorities","upper",2021,19.15,4.67019
"persistent-absences-for-pupils-looked-after-by-local-authorities","upper",2018,12.1,3.40998
"persistent-absences-for-pupils-looked-after-by-local-authorities","upper",2020,32.1,6.07866
"persistent-absences-for-pupils-looked-after-by-local-authorities","upper",2016,11.1,2.9652
"persistent-absences-for-pupils-looked-after-by-local-authorities","upper",2017,11.6,2.81694
"persistent-absences-for-pupils-looked-after-by-local-authorities","lower",2021,19.1,5.48562
"persistent-absences-for-pupils-looked-after-by-local-authorities","lower",2018,12.1,3.55824
"persistent-absences-for-pupils-looked-after-by-local-authorities","lower",2020,32.2,6.96821999999999
"persistent-absences-for-pupils-looked-after-by-local-authorities","lower",2016,11.1,3.26172
"persistent-absences-for-pupils-looked-after-by-local-authorities","lower",2017,11.6,2.9652
"pupils-at-expected-standards-by-end-of-primary-school","region",2018,64,1.4826
"pupils-at-expected-standards-by-end-of-primary-school","region",2017,63,1.4826
"pupils-at-expected-standards-by-end-of-primary-school","region",2021,58,1.4826
"pupils-at-expected-standards-by-end-of-primary-school","region",2016,60,1.4826
"pupils-at-expected-standards-by-end-of-primary-school","region",2015,53,2.9652
"pupils-at-expected-standards-by-end-of-primary-school","upper",2018,66,4.4478
"pupils-at-expected-standards-by-end-of-primary-school","upper",2017,65,4.4478
"pupils-at-expected-standards-by-end-of-primary-school","upper",2021,59,4.4478
"pupils-at-expected-standards-by-end-of-primary-school","upper",2016,62,4.4478
"pupils-at-expected-standards-by-end-of-primary-school","upper",2015,54,4.4478
"pupils-at-expected-standards-by-end-of-primary-school","lower",2018,66,4.4478
"pupils-at-expected-standards-by-end-of-primary-school","lower",2017,66,4.4478
"pupils-at-expected-standards-by-end-of-primary-school","lower",2021,59,4.4478
"pupils-at-expected-standards-by-end-of-primary-school","lower",2016,62,5.9304
"pupils-at-expected-standards-by-end-of-primary-school","lower",2015,54,5.9304
"schools-and-nursery-schools-rated-good-or-outstanding","region",2023,87.2684272763106,2.67543150260288
"schools-and-nursery-schools-rated-good-or-outstanding","upper",2023,89.2655367231638,5.95951097527091
"schools-and-nursery-schools-rated-good-or-outstanding","lower",2023,89.4736842105263,6.47053505857668
"cancer-diagnosis-at-stage-1-and-2","region",2014,55.09524,2.165515212
"cancer-diagnosis-at-stage-1-and-2","region",2017,53.63246,2.46363641999999
"cancer-diagnosis-at-stage-1-and-2","region",2019,53.948845,2.65508455800001
"cancer-diagnosis-at-stage-1-and-2","region",2018,53.77009,2.787717954
"cancer-diagnosis-at-stage-1-and-2","region",2013,53.90536,0.943808333999997
"cancer-diagnosis-at-stage-1-and-2","region",2020,51.669855,1.647769053
"cancer-diagnosis-at-stage-1-and-2","region",2016,54.45184,2.11974735000001
"cancer-diagnosis-at-stage-1-and-2","region",2015,54.65295,2.22099410399999
"cancer-diagnosis-at-stage-1-and-2","upper",2014,54.80549,3.158812734
"cancer-diagnosis-at-stage-1-and-2","upper",2017,54.55172,2.467706157
"cancer-diagnosis-at-stage-1-and-2","upper",2019,54.5738,2.753721936
"cancer-diagnosis-at-stage-1-and-2","upper",2018,54.614065,2.80799992199999
"cancer-diagnosis-at-stage-1-and-2","upper",2013,54.07898,3.016305222
"cancer-diagnosis-at-stage-1-and-2","upper",2020,51.76471,2.76857758800001
"cancer-diagnosis-at-stage-1-and-2","upper",2016,54.01371,2.975763525
"cancer-diagnosis-at-stage-1-and-2","upper",2015,54.39595,3.203142474
"cancer-diagnosis-at-stage-1-and-2","lower",2014,55.400345,3.915153711
"cancer-diagnosis-at-stage-1-and-2","lower",2017,54.6416,3.25571546999999
"cancer-diagnosis-at-stage-1-and-2","lower",2019,54.616935,3.441374055
"cancer-diagnosis-at-stage-1-and-2","lower",2018,54.737855,3.479373093
"cancer-diagnosis-at-stage-1-and-2","lower",2013,54.75842,3.809051442
"cancer-diagnosis-at-stage-1-and-2","lower",2020,52.13033,3.36327809999999
"cancer-diagnosis-at-stage-1-and-2","lower",2016,54.74294,3.419587248
"cancer-diagnosis-at-stage-1-and-2","lower",2015,55.02811,3.418623558
"cardiovascular-mortality-considered-preventable-in-persons-aged-under-75-2021-census-population-estimates","region",2021,32.99902,5.153280384
"cardiovascular-mortality-considered-preventable-in-persons-aged-under-75-2021-census-population-estimates","upper",2021,31.22442,8.08678239599999
"cardiovascular-mortality-considered-preventable-in-persons-aged-under-75-2021-census-population-estimates","lower",2021,28.426645,8.698517982
"cigarette-smokers","region",2017,15.9,1.26021
"cigarette-smokers","region",2013,18.7,2.07564
"cigarette-smokers","region",2016,16.45,1.85324999999999
"cigarette-smokers","region",2018,15.1,1.4826
"cigarette-smokers","region",2020,14.7,1.18608
"cigarette-smokers","region",2019,14.65,1.18608
"cigarette-smokers","region",2014,18.1,2.00151
"cigarette-smokers","region",2022,13.3,0.963689999999999
"cigarette-smokers","region",2012,19.45,2.07564
"cigarette-smokers","region",2021,13.8,1.11195
"cigarette-smokers","region",2015,18.05,1.4826
"cigarette-smokers","upper",2017,15.8,3.11346
"cigarette-smokers","upper",2013,19.4,3.7065
"cigarette-smokers","upper",2016,16.8,3.40998
"cigarette-smokers","upper",2018,15.5,3.18759
"cigarette-smokers","upper",2020,14.45,3.03933
"cigarette-smokers","upper",2019,14.75,2.81694
"cigarette-smokers","upper",2014,19.1,3.40998
"cigarette-smokers","upper",2022,13.2,3.26172
"cigarette-smokers","upper",2012,20.4,3.55824
"cigarette-smokers","upper",2021,13.3,2.9652
"cigarette-smokers","upper",2015,18,3.40998
"cigarette-smokers","lower",2017,15,3.7065
"cigarette-smokers","lower",2013,18.7,4.4478
"cigarette-smokers","lower",2016,15.7,4.29954
"cigarette-smokers","lower",2018,14.5,3.85476
"cigarette-smokers","lower",2020,13.9,3.85476
"cigarette-smokers","lower",2019,13.8,4.00302
"cigarette-smokers","lower",2014,17.8,4.29954
"cigarette-smokers","lower",2022,12.4,3.85476
"cigarette-smokers","lower",2012,19.3,4.15128
"cigarette-smokers","lower",2021,12.8,3.55824
"cigarette-smokers","lower",2015,17,4.00302
"female-healthy-life-expectancy","region",2012,62.93,1.504839
"female-healthy-life-expectancy","region",2016,62.26,0.622692000000008
"female-healthy-life-expectancy","region",2018,62.525,1.045233
"female-healthy-life-expectancy","region",2017,62.16,0.541148999999998
"female-healthy-life-expectancy","region",2013,62.945,1.61603400000001
"female-healthy-life-expectancy","region",2015,62.705,1.371405
"female-healthy-life-expectancy","region",2011,63.095,1.564143
"female-healthy-life-expectancy","region",2014,62.86,1.749468
"female-healthy-life-expectancy","upper",2012,62.815,4.09197600000001
"female-healthy-life-expectancy","upper",2016,62.95,3.94371600000001
"female-healthy-life-expectancy","upper",2018,62.67,3.92888999999999
"female-healthy-life-expectancy","upper",2017,62.93,3.92889
"female-healthy-life-expectancy","upper",2013,63.42,4.44780000000001
"female-healthy-life-expectancy","upper",2015,63.1,3.498936
"female-healthy-life-expectancy","upper",2011,63.17,4.195758
"female-healthy-life-expectancy","upper",2014,63.26,4.07715000000001
"female-healthy-life-expectancy","lower",2012,62.38,4.351431
"female-healthy-life-expectancy","lower",2016,62.35,3.914064
"female-healthy-life-expectancy","lower",2018,62.56,4.06232399999999
"female-healthy-life-expectancy","lower",2017,62.56,4.062324
"female-healthy-life-expectancy","lower",2013,62.725,4.232823
"female-healthy-life-expectancy","lower",2015,62.78,3.78063
"female-healthy-life-expectancy","lower",2011,62.495,3.99560700000001
"female-healthy-life-expectancy","lower",2014,62.98,4.32919200000001
"male-healthy-life-expectancy","region",2018,61.695,1.015581
"male-healthy-life-expectancy","region",2011,61.98,1.771707
"male-healthy-life-expectancy","region",2015,62.21,1.541904
"male-healthy-life-expectancy","region",2012,62.04,1.423296
"male-healthy-life-expectancy","region",2013,62.095,1.289862
"male-healthy-life-expectancy","region",2014,62.375,1.890315
"male-healthy-life-expectancy","region",2016,61.855,1.060059
"male-healthy-life-expectancy","region",2017,61.675,0.770951999999999
"male-healthy-life-expectancy","upper",2018,62.47,3.469284
"male-healthy-life-expectancy","upper",2011,62.72,3.817695
"male-healthy-life-expectancy","upper",2015,62.53,3.32102399999999
"male-healthy-life-expectancy","upper",2012,62.475,3.832521
"male-healthy-life-expectancy","upper",2013,62.82,3.832521
"male-healthy-life-expectancy","upper",2014,62.43,3.884412
"male-healthy-life-expectancy","upper",2016,62.66,3.69167399999999
"male-healthy-life-expectancy","upper",2017,62.39,3.30619800000001
"male-healthy-life-expectancy","lower",2018,61.92,3.55824
"male-healthy-life-expectancy","lower",2011,62.225,3.713913
"male-healthy-life-expectancy","lower",2015,62.29,3.647196
"male-healthy-life-expectancy","lower",2012,61.99,3.743565
"male-healthy-life-expectancy","lower",2013,62.375,3.914064
"male-healthy-life-expectancy","lower",2014,61.8,3.95854199999999
"male-healthy-life-expectancy","lower",2016,62.12,3.94371600000001
"male-healthy-life-expectancy","lower",2017,61.88,3.66202199999999
"overweight-adults-aged-18-years-and-over","region",2020,65.74472,2.834909112
"overweight-adults-aged-18-years-and-over","region",2018,64.08297,1.52145894599999
"overweight-adults-aged-18-years-and-over","region",2021,66.50958,3.806264154
"overweight-adults-aged-18-years-and-over","region",2019,64.82072,3.28059349800001
"overweight-adults-aged-18-years-and-over","region",2016,63.32462,3.353018508
"overweight-adults-aged-18-years-and-over","region",2017,64.17142,3.61213251
"overweight-adults-aged-18-years-and-over","region",2015,63.07562,2.383249848
"overweight-adults-aged-18-years-and-over","upper",2020,63.619255,5.74967105999999
"overweight-adults-aged-18-years-and-over","upper",2018,62.725595,4.66566807
"overweight-adults-aged-18-years-and-over","upper",2021,65.303495,6.481971678
"overweight-adults-aged-18-years-and-over","upper",2019,63.391845,5.62413931800001
"overweight-adults-aged-18-years-and-over","upper",2016,62.48806,4.68931554000001
"overweight-adults-aged-18-years-and-over","upper",2017,62.53371,5.571655278
"overweight-adults-aged-18-years-and-over","upper",2015,61.478605,5.439992985
"overweight-adults-aged-18-years-and-over","lower",2020,63.87791,5.51045355000001
"overweight-adults-aged-18-years-and-over","lower",2018,62.32204,5.365944528
"overweight-adults-aged-18-years-and-over","lower",2021,65.04907,5.579008974
"overweight-adults-aged-18-years-and-over","lower",2019,63.21184,5.80971635999999
"overweight-adults-aged-18-years-and-over","lower",2016,62.00561,5.14072276200001
"overweight-adults-aged-18-years-and-over","lower",2017,62.46252,6.02196537600001
"overweight-adults-aged-18-years-and-over","lower",2015,61.5414,5.63422099799999
"overweight-children-at-reception-age-aged-four-to-five-years","region",2012,22.71611,0.728875812000002
"overweight-children-at-reception-age-aged-four-to-five-years","region",2007,22.77066,0.403207896
"overweight-children-at-reception-age-aged-four-to-five-years","region",2010,23.1296,0.738586842000003
"overweight-children-at-reception-age-aged-four-to-five-years","region",2019,22.74887,1.670015466
"overweight-children-at-reception-age-aged-four-to-five-years","region",2015,21.97125,1.637561352
"overweight-children-at-reception-age-aged-four-to-five-years","region",2021,22.40745,1.9384995
"overweight-children-at-reception-age-aged-four-to-five-years","region",2008,22.9293,0.98629965
"overweight-children-at-reception-age-aged-four-to-five-years","region",2011,22.67607,0.984950483999994
"overweight-children-at-reception-age-aged-four-to-five-years","region",2016,22.73509,1.703032968
"overweight-children-at-reception-age-aged-four-to-five-years","region",2013,23.16219,1.399070316
"overweight-children-at-reception-age-aged-four-to-five-years","region",2018,22.65602,1.648977372
"overweight-children-at-reception-age-aged-four-to-five-years","region",2014,22.16236,1.13278053
"overweight-children-at-reception-age-aged-four-to-five-years","region",2009,23.28223,1.001659386
"overweight-children-at-reception-age-aged-four-to-five-years","region",2017,22.93387,1.518434442
"overweight-children-at-reception-age-aged-four-to-five-years","region",2020,28.112594731144,1.80764639507105
"overweight-children-at-reception-age-aged-four-to-five-years","upper",2012,22.471195,2.075024721
"overweight-children-at-reception-age-aged-four-to-five-years","upper",2007,22.64905,2.62605525
"overweight-children-at-reception-age-aged-four-to-five-years","upper",2010,23.01731,1.992992463
"overweight-children-at-reception-age-aged-four-to-five-years","upper",2019,23.025805,3.129575862
"overweight-children-at-reception-age-aged-four-to-five-years","upper",2015,22.352735,2.058968163
"overweight-children-at-reception-age-aged-four-to-five-years","upper",2021,22.2546,2.732542995
"overweight-children-at-reception-age-aged-four-to-five-years","upper",2008,23.10287,2.586484656
"overweight-children-at-reception-age-aged-four-to-five-years","upper",2011,22.842785,1.98394119
"overweight-children-at-reception-age-aged-four-to-five-years","upper",2016,22.956685,2.56259997
"overweight-children-at-reception-age-aged-four-to-five-years","upper",2013,23.02158,2.334309222
"overweight-children-at-reception-age-aged-four-to-five-years","upper",2018,22.94727,2.63802724500001
"overweight-children-at-reception-age-aged-four-to-five-years","upper",2014,22.09254,2.150770755
"overweight-children-at-reception-age-aged-four-to-five-years","upper",2009,23.31731,2.494756194
"overweight-children-at-reception-age-aged-four-to-five-years","upper",2017,22.53333,2.640673686
"overweight-children-at-reception-age-aged-four-to-five-years","upper",2006,23.23498,2.616818652
"overweight-children-at-reception-age-aged-four-to-five-years","upper",2020,29.23076923,3.13508290557
"overweight-children-at-reception-age-aged-four-to-five-years","lower",2012,21.93548,2.669836428
"overweight-children-at-reception-age-aged-four-to-five-years","lower",2007,22.47191,3.340542429
"overweight-children-at-reception-age-aged-four-to-five-years","lower",2010,22.50712,2.495749536
"overweight-children-at-reception-age-aged-four-to-five-years","lower",2019,22.60274,3.71695233
"overweight-children-at-reception-age-aged-four-to-five-years","lower",2015,22.08333,2.522139816
"overweight-children-at-reception-age-aged-four-to-five-years","lower",2021,21.9917,3.08410452
"overweight-children-at-reception-age-aged-four-to-five-years","lower",2008,22.560245,2.902322934
"overweight-children-at-reception-age-aged-four-to-five-years","lower",2011,22.43902,2.57497968
"overweight-children-at-reception-age-aged-four-to-five-years","lower",2016,22.51908,2.73747264
"overweight-children-at-reception-age-aged-four-to-five-years","lower",2013,22.288845,2.656752483
"overweight-children-at-reception-age-aged-four-to-five-years","lower",2018,22.36025,3.236708538
"overweight-children-at-reception-age-aged-four-to-five-years","lower",2014,21.80645,2.783759412
"overweight-children-at-reception-age-aged-four-to-five-years","lower",2009,22.862015,2.809919889
"overweight-children-at-reception-age-aged-four-to-five-years","lower",2017,22.16428,3.025497342
"overweight-children-at-reception-age-aged-four-to-five-years","lower",2006,22.81342,2.935681434
"overweight-children-at-reception-age-aged-four-to-five-years","lower",2020,29.91506916,2.374662176607
"overweight-children-at-year-6-age-aged-10-to-11-years","region",2017,34.70969,4.12348125
"overweight-children-at-year-6-age-aged-10-to-11-years","region",2010,33.19438,2.96164176000001
"overweight-children-at-year-6-age-aged-10-to-11-years","region",2019,35.77015,3.62732915999999
"overweight-children-at-year-6-age-aged-10-to-11-years","region",2008,32.53497,2.736375516
"overweight-children-at-year-6-age-aged-10-to-11-years","region",2014,33.25326,3.831216312
"overweight-children-at-year-6-age-aged-10-to-11-years","region",2021,39.04628,2.6553366
"overweight-children-at-year-6-age-aged-10-to-11-years","region",2018,35.08815,3.553895982
"overweight-children-at-year-6-age-aged-10-to-11-years","region",2009,32.96566,2.97857305199999
"overweight-children-at-year-6-age-aged-10-to-11-years","region",2012,33.23143,3.3239892
"overweight-children-at-year-6-age-aged-10-to-11-years","region",2015,34.62592,3.47638565399999
"overweight-children-at-year-6-age-aged-10-to-11-years","region",2011,33.66676,3.847628694
"overweight-children-at-year-6-age-aged-10-to-11-years","region",2013,33.41584,3.56998219200001
"overweight-children-at-year-6-age-aged-10-to-11-years","region",2007,32.70618,2.666515404
"overweight-children-at-year-6-age-aged-10-to-11-years","region",2016,34.64539,3.961699938
"overweight-children-at-year-6-age-aged-10-to-11-years","region",2020,41.5584415584416,3.93940066272873
"overweight-children-at-year-6-age-aged-10-to-11-years","upper",2017,34.75783,4.63542303
"overweight-children-at-year-6-age-aged-10-to-11-years","upper",2010,33.815615,3.679264638
"overweight-children-at-year-6-age-aged-10-to-11-years","upper",2019,36.07214,4.58870630400001
"overweight-children-at-year-6-age-aged-10-to-11-years","upper",2008,32.79221,3.47236780799999
"overweight-children-at-year-6-age-aged-10-to-11-years","upper",2014,33.632385,4.282015668
"overweight-children-at-year-6-age-aged-10-to-11-years","upper",2021,38.360475,5.204719191
"overweight-children-at-year-6-age-aged-10-to-11-years","upper",2018,35.282555,4.604199474
"overweight-children-at-year-6-age-aged-10-to-11-years","upper",2009,33.78016,3.519232794
"overweight-children-at-year-6-age-aged-10-to-11-years","upper",2012,33.95017,3.720814503
"overweight-children-at-year-6-age-aged-10-to-11-years","upper",2015,34.647035,4.741265844
"overweight-children-at-year-6-age-aged-10-to-11-years","upper",2011,34.60816,4.112169012
"overweight-children-at-year-6-age-aged-10-to-11-years","upper",2013,33.93316,4.415597928
"overweight-children-at-year-6-age-aged-10-to-11-years","upper",2007,33.20275,3.903693213
"overweight-children-at-year-6-age-aged-10-to-11-years","upper",2016,35.237755,4.613806722
"overweight-children-at-year-6-age-aged-10-to-11-years","upper",2006,31.95592,3.856939422
"overweight-children-at-year-6-age-aged-10-to-11-years","upper",2020,44.10377358,4.362042590892
"overweight-children-at-year-6-age-aged-10-to-11-years","lower",2017,33.11897,4.81054774199999
"overweight-children-at-year-6-age-aged-10-to-11-years","lower",2010,32.44275,4.110389892
"overweight-children-at-year-6-age-aged-10-to-11-years","lower",2019,33.87611,5.384247225
"overweight-children-at-year-6-age-aged-10-to-11-years","lower",2008,31.54851,3.68663316
"overweight-children-at-year-6-age-aged-10-to-11-years","lower",2014,32.21477,4.341823752
"overweight-children-at-year-6-age-aged-10-to-11-years","lower",2021,36.78756,5.524671684
"overweight-children-at-year-6-age-aged-10-to-11-years","lower",2018,33.20313,5.10915820799999
"overweight-children-at-year-6-age-aged-10-to-11-years","lower",2009,32.4996,3.865093722
"overweight-children-at-year-6-age-aged-10-to-11-years","lower",2012,32.44681,4.116409248
"overweight-children-at-year-6-age-aged-10-to-11-years","lower",2015,32.87671,4.55706761999999
"overweight-children-at-year-6-age-aged-10-to-11-years","lower",2011,33.17757,3.90404162399999
"overweight-children-at-year-6-age-aged-10-to-11-years","lower",2013,32.472475,4.07443684200001
"overweight-children-at-year-6-age-aged-10-to-11-years","lower",2007,31.44009,3.746285571
"overweight-children-at-year-6-age-aged-10-to-11-years","lower",2016,33.08411,4.87977033599999
"overweight-children-at-year-6-age-aged-10-to-11-years","lower",2006,30.46784,4.039855197
"overweight-children-at-year-6-age-aged-10-to-11-years","lower",2020,44.16570793,4.152001855701
"annual-personal-wellbeing-estimates-Anxiety mean score (where 10 is 'completely anxious')","region",2013,2.91,0.0889560000000001
"annual-personal-wellbeing-estimates-Anxiety mean score (where 10 is 'completely anxious')","region",2017,2.905,0.0593040000000001
"annual-personal-wellbeing-estimates-Anxiety mean score (where 10 is 'completely anxious')","region",2019,3.045,0.103782
"annual-personal-wellbeing-estimates-Anxiety mean score (where 10 is 'completely anxious')","region",2011,3.1,0.0667169999999999
"annual-personal-wellbeing-estimates-Anxiety mean score (where 10 is 'completely anxious')","region",2015,2.845,0.118608
"annual-personal-wellbeing-estimates-Anxiety mean score (where 10 is 'completely anxious')","region",2016,2.88,0.0667170000000002
"annual-personal-wellbeing-estimates-Anxiety mean score (where 10 is 'completely anxious')","region",2021,3.09,0.0741299999999997
"annual-personal-wellbeing-estimates-Anxiety mean score (where 10 is 'completely anxious')","region",2018,2.84,0.0741300000000001
"annual-personal-wellbeing-estimates-Anxiety mean score (where 10 is 'completely anxious')","region",2020,3.31,0.0667169999999999
"annual-personal-wellbeing-estimates-Anxiety mean score (where 10 is 'completely anxious')","region",2014,2.825,0.126021
"annual-personal-wellbeing-estimates-Anxiety mean score (where 10 is 'completely anxious')","region",2012,3.01,0.0593039999999997
"annual-personal-wellbeing-estimates-Anxiety mean score (where 10 is 'completely anxious')","upper",2013,2.94,0.237216
"annual-personal-wellbeing-estimates-Anxiety mean score (where 10 is 'completely anxious')","upper",2017,2.89,0.252042
"annual-personal-wellbeing-estimates-Anxiety mean score (where 10 is 'completely anxious')","upper",2019,3.04,0.22239
"annual-personal-wellbeing-estimates-Anxiety mean score (where 10 is 'completely anxious')","upper",2011,3.12,0.244629
"annual-personal-wellbeing-estimates-Anxiety mean score (where 10 is 'completely anxious')","upper",2015,2.87,0.22239
"annual-personal-wellbeing-estimates-Anxiety mean score (where 10 is 'completely anxious')","upper",2016,2.9,0.207564
"annual-personal-wellbeing-estimates-Anxiety mean score (where 10 is 'completely anxious')","upper",2021,3.14,0.237216
"annual-personal-wellbeing-estimates-Anxiety mean score (where 10 is 'completely anxious')","upper",2018,2.85,0.22239
"annual-personal-wellbeing-estimates-Anxiety mean score (where 10 is 'completely anxious')","upper",2020,3.3,0.237216
"annual-personal-wellbeing-estimates-Anxiety mean score (where 10 is 'completely anxious')","upper",2014,2.88,0.266868
"annual-personal-wellbeing-estimates-Anxiety mean score (where 10 is 'completely anxious')","upper",2012,3.02,0.207564
"annual-personal-wellbeing-estimates-Anxiety mean score (where 10 is 'completely anxious')","lower",2013,2.9,0.29652
"annual-personal-wellbeing-estimates-Anxiety mean score (where 10 is 'completely anxious')","lower",2017,2.86,0.281694
"annual-personal-wellbeing-estimates-Anxiety mean score (where 10 is 'completely anxious')","lower",2019,3.03,0.281694000000001
"annual-personal-wellbeing-estimates-Anxiety mean score (where 10 is 'completely anxious')","lower",2011,3.1,0.266868
"annual-personal-wellbeing-estimates-Anxiety mean score (where 10 is 'completely anxious')","lower",2015,2.85,0.303933
"annual-personal-wellbeing-estimates-Anxiety mean score (where 10 is 'completely anxious')","lower",2016,2.875,0.274281
"annual-personal-wellbeing-estimates-Anxiety mean score (where 10 is 'completely anxious')","lower",2021,3.12,0.311346
"annual-personal-wellbeing-estimates-Anxiety mean score (where 10 is 'completely anxious')","lower",2018,2.82,0.29652
"annual-personal-wellbeing-estimates-Anxiety mean score (where 10 is 'completely anxious')","lower",2020,3.28,0.281694000000001
"annual-personal-wellbeing-estimates-Anxiety mean score (where 10 is 'completely anxious')","lower",2014,2.83,0.311346
"annual-personal-wellbeing-estimates-Anxiety mean score (where 10 is 'completely anxious')","lower",2012,2.99,0.266868
"annual-personal-wellbeing-estimates-Worthwhile mean score (where 10 is 'completely worthwhile')","region",2019,7.86,0.0741299999999997
"annual-personal-wellbeing-estimates-Worthwhile mean score (where 10 is 'completely worthwhile')","region",2013,7.745,0.0444780000000004
"annual-personal-wellbeing-estimates-Worthwhile mean score (where 10 is 'completely worthwhile')","region",2017,7.9,0.0296520000000007
"annual-personal-wellbeing-estimates-Worthwhile mean score (where 10 is 'completely worthwhile')","region",2018,7.89,0.0444780000000004
"annual-personal-wellbeing-estimates-Worthwhile mean score (where 10 is 'completely worthwhile')","region",2016,7.87,0.0667169999999999
"annual-personal-wellbeing-estimates-Worthwhile mean score (where 10 is 'completely worthwhile')","region",2014,7.82,0.0593040000000001
"annual-personal-wellbeing-estimates-Worthwhile mean score (where 10 is 'completely worthwhile')","region",2011,7.7,0.0741299999999997
"annual-personal-wellbeing-estimates-Worthwhile mean score (where 10 is 'completely worthwhile')","region",2020,7.705,0.0444780000000004
"annual-personal-wellbeing-estimates-Worthwhile mean score (where 10 is 'completely worthwhile')","region",2021,7.76,0.103782
"annual-personal-wellbeing-estimates-Worthwhile mean score (where 10 is 'completely worthwhile')","region",2012,7.7,0.0815429999999996
"annual-personal-wellbeing-estimates-Worthwhile mean score (where 10 is 'completely worthwhile')","region",2015,7.84,0.0741299999999997
"annual-personal-wellbeing-estimates-Worthwhile mean score (where 10 is 'completely worthwhile')","upper",2019,7.87,0.163086
"annual-personal-wellbeing-estimates-Worthwhile mean score (where 10 is 'completely worthwhile')","upper",2013,7.74,0.133434
"annual-personal-wellbeing-estimates-Worthwhile mean score (where 10 is 'completely worthwhile')","upper",2017,7.89,0.133434000000001
"annual-personal-wellbeing-estimates-Worthwhile mean score (where 10 is 'completely worthwhile')","upper",2018,7.89,0.133434000000001
"annual-personal-wellbeing-estimates-Worthwhile mean score (where 10 is 'completely worthwhile')","upper",2016,7.87,0.133434
"annual-personal-wellbeing-estimates-Worthwhile mean score (where 10 is 'completely worthwhile')","upper",2014,7.82,0.148260000000001
"annual-personal-wellbeing-estimates-Worthwhile mean score (where 10 is 'completely worthwhile')","upper",2011,7.67,0.163086
"annual-personal-wellbeing-estimates-Worthwhile mean score (where 10 is 'completely worthwhile')","upper",2020,7.7,0.118608
"annual-personal-wellbeing-estimates-Worthwhile mean score (where 10 is 'completely worthwhile')","upper",2021,7.76,0.133434
"annual-personal-wellbeing-estimates-Worthwhile mean score (where 10 is 'completely worthwhile')","upper",2012,7.69,0.148260000000001
"annual-personal-wellbeing-estimates-Worthwhile mean score (where 10 is 'completely worthwhile')","upper",2015,7.84,0.133434
"annual-personal-wellbeing-estimates-Worthwhile mean score (where 10 is 'completely worthwhile')","lower",2019,7.89,0.192738
"annual-personal-wellbeing-estimates-Worthwhile mean score (where 10 is 'completely worthwhile')","lower",2013,7.76,0.177912
"annual-personal-wellbeing-estimates-Worthwhile mean score (where 10 is 'completely worthwhile')","lower",2017,7.91,0.177911999999999
"annual-personal-wellbeing-estimates-Worthwhile mean score (where 10 is 'completely worthwhile')","lower",2018,7.93,0.192738
"annual-personal-wellbeing-estimates-Worthwhile mean score (where 10 is 'completely worthwhile')","lower",2016,7.89,0.163086
"annual-personal-wellbeing-estimates-Worthwhile mean score (where 10 is 'completely worthwhile')","lower",2014,7.84,0.177912
"annual-personal-wellbeing-estimates-Worthwhile mean score (where 10 is 'completely worthwhile')","lower",2011,7.7,0.177912
"annual-personal-wellbeing-estimates-Worthwhile mean score (where 10 is 'completely worthwhile')","lower",2020,7.72,0.177912
"annual-personal-wellbeing-estimates-Worthwhile mean score (where 10 is 'completely worthwhile')","lower",2021,7.78,0.177912
"annual-personal-wellbeing-estimates-Worthwhile mean score (where 10 is 'completely worthwhile')","lower",2012,7.725,0.185325
"annual-personal-wellbeing-estimates-Worthwhile mean score (where 10 is 'completely worthwhile')","lower",2015,7.86,0.163085999999999
"annual-personal-wellbeing-estimates-Happiness mean score (where 10 is 'completely happy')","region",2015,7.455,0.111195
"annual-personal-wellbeing-estimates-Happiness mean score (where 10 is 'completely happy')","region",2013,7.405,0.0518910000000002
"annual-personal-wellbeing-estimates-Happiness mean score (where 10 is 'completely happy')","region",2018,7.54,0.0593040000000001
"annual-personal-wellbeing-estimates-Happiness mean score (where 10 is 'completely happy')","region",2021,7.455,0.0518910000000002
"annual-personal-wellbeing-estimates-Happiness mean score (where 10 is 'completely happy')","region",2014,7.455,0.0889559999999994
"annual-personal-wellbeing-estimates-Happiness mean score (where 10 is 'completely happy')","region",2016,7.49,0.0593040000000001
"annual-personal-wellbeing-estimates-Happiness mean score (where 10 is 'completely happy')","region",2011,7.31,0.0889560000000001
"annual-personal-wellbeing-estimates-Happiness mean score (where 10 is 'completely happy')","region",2019,7.475,0.0741300000000004
"annual-personal-wellbeing-estimates-Happiness mean score (where 10 is 'completely happy')","region",2020,7.295,0.0741299999999997
"annual-personal-wellbeing-estimates-Happiness mean score (where 10 is 'completely happy')","region",2012,7.32,0.0667169999999999
"annual-personal-wellbeing-estimates-Happiness mean score (where 10 is 'completely happy')","region",2017,7.51,0.044477999999999
"annual-personal-wellbeing-estimates-Happiness mean score (where 10 is 'completely happy')","upper",2015,7.46,0.163086
"annual-personal-wellbeing-estimates-Happiness mean score (where 10 is 'completely happy')","upper",2013,7.38,0.177912
"annual-personal-wellbeing-estimates-Happiness mean score (where 10 is 'completely happy')","upper",2018,7.57,0.177912
"annual-personal-wellbeing-estimates-Happiness mean score (where 10 is 'completely happy')","upper",2021,7.45,0.14826
"annual-personal-wellbeing-estimates-Happiness mean score (where 10 is 'completely happy')","upper",2014,7.46,0.163086
"annual-personal-wellbeing-estimates-Happiness mean score (where 10 is 'completely happy')","upper",2016,7.52,0.163085999999999
"annual-personal-wellbeing-estimates-Happiness mean score (where 10 is 'completely happy')","upper",2011,7.28,0.177912
"annual-personal-wellbeing-estimates-Happiness mean score (where 10 is 'completely happy')","upper",2019,7.48,0.163085999999999
"annual-personal-wellbeing-estimates-Happiness mean score (where 10 is 'completely happy')","upper",2020,7.32,0.163085999999999
"annual-personal-wellbeing-estimates-Happiness mean score (where 10 is 'completely happy')","upper",2012,7.3,0.177912
"annual-personal-wellbeing-estimates-Happiness mean score (where 10 is 'completely happy')","upper",2017,7.53,0.192738
"annual-personal-wellbeing-estimates-Happiness mean score (where 10 is 'completely happy')","lower",2015,7.49,0.207564
"annual-personal-wellbeing-estimates-Happiness mean score (where 10 is 'completely happy')","lower",2013,7.42,0.222390000000001
"annual-personal-wellbeing-estimates-Happiness mean score (where 10 is 'completely happy')","lower",2018,7.6,0.192738000000001
"annual-personal-wellbeing-estimates-Happiness mean score (where 10 is 'completely happy')","lower",2021,7.47,0.207564
"annual-personal-wellbeing-estimates-Happiness mean score (where 10 is 'completely happy')","lower",2014,7.49,0.222389999999999
"annual-personal-wellbeing-estimates-Happiness mean score (where 10 is 'completely happy')","lower",2016,7.53,0.207564
"annual-personal-wellbeing-estimates-Happiness mean score (where 10 is 'completely happy')","lower",2011,7.31,0.222389999999999
"annual-personal-wellbeing-estimates-Happiness mean score (where 10 is 'completely happy')","lower",2019,7.5,0.222390000000001
"annual-personal-wellbeing-estimates-Happiness mean score (where 10 is 'completely happy')","lower",2020,7.35,0.207564000000001
"annual-personal-wellbeing-estimates-Happiness mean score (where 10 is 'completely happy')","lower",2012,7.33,0.222390000000001
"annual-personal-wellbeing-estimates-Happiness mean score (where 10 is 'completely happy')","lower",2017,7.54,0.222390000000001
"annual-personal-wellbeing-estimates-Satisfaction mean score (where 10 is 'completely satisfied')","region",2018,7.7,0.0593040000000001
"annual-personal-wellbeing-estimates-Satisfaction mean score (where 10 is 'completely satisfied')","region",2021,7.53,0.0667169999999999
"annual-personal-wellbeing-estimates-Satisfaction mean score (where 10 is 'completely satisfied')","region",2015,7.66,0.0815430000000002
"annual-personal-wellbeing-estimates-Satisfaction mean score (where 10 is 'completely satisfied')","region",2013,7.535,0.0667169999999999
"annual-personal-wellbeing-estimates-Satisfaction mean score (where 10 is 'completely satisfied')","region",2011,7.45,0.0889560000000001
"annual-personal-wellbeing-estimates-Satisfaction mean score (where 10 is 'completely satisfied')","region",2016,7.685,0.0963689999999993
"annual-personal-wellbeing-estimates-Satisfaction mean score (where 10 is 'completely satisfied')","region",2017,7.7,0.0518910000000002
"annual-personal-wellbeing-estimates-Satisfaction mean score (where 10 is 'completely satisfied')","region",2019,7.67,0.0593040000000001
"annual-personal-wellbeing-estimates-Satisfaction mean score (where 10 is 'completely satisfied')","region",2014,7.605,0.0815429999999996
"annual-personal-wellbeing-estimates-Satisfaction mean score (where 10 is 'completely satisfied')","region",2012,7.475,0.0889560000000001
"annual-personal-wellbeing-estimates-Satisfaction mean score (where 10 is 'completely satisfied')","region",2020,7.385,0.0593040000000001
"annual-personal-wellbeing-estimates-Satisfaction mean score (where 10 is 'completely satisfied')","upper",2018,7.71,0.177912
"annual-personal-wellbeing-estimates-Satisfaction mean score (where 10 is 'completely satisfied')","upper",2021,7.51,0.148260000000001
"annual-personal-wellbeing-estimates-Satisfaction mean score (where 10 is 'completely satisfied')","upper",2015,7.65,0.163086
"annual-personal-wellbeing-estimates-Satisfaction mean score (where 10 is 'completely satisfied')","upper",2013,7.51,0.177912
"annual-personal-wellbeing-estimates-Satisfaction mean score (where 10 is 'completely satisfied')","upper",2011,7.425,0.185325
"annual-personal-wellbeing-estimates-Satisfaction mean score (where 10 is 'completely satisfied')","upper",2016,7.67,0.148259999999999
"annual-personal-wellbeing-estimates-Satisfaction mean score (where 10 is 'completely satisfied')","upper",2017,7.68,0.163086
"annual-personal-wellbeing-estimates-Satisfaction mean score (where 10 is 'completely satisfied')","upper",2019,7.67,0.148259999999999
"annual-personal-wellbeing-estimates-Satisfaction mean score (where 10 is 'completely satisfied')","upper",2014,7.6,0.148260000000001
"annual-personal-wellbeing-estimates-Satisfaction mean score (where 10 is 'completely satisfied')","upper",2012,7.44,0.177911999999999
"annual-personal-wellbeing-estimates-Satisfaction mean score (where 10 is 'completely satisfied')","upper",2020,7.39,0.163085999999999
"annual-personal-wellbeing-estimates-Satisfaction mean score (where 10 is 'completely satisfied')","lower",2018,7.74,0.207564000000001
"annual-personal-wellbeing-estimates-Satisfaction mean score (where 10 is 'completely satisfied')","lower",2021,7.55,0.207564
"annual-personal-wellbeing-estimates-Satisfaction mean score (where 10 is 'completely satisfied')","lower",2015,7.69,0.192738000000001
"annual-personal-wellbeing-estimates-Satisfaction mean score (where 10 is 'completely satisfied')","lower",2013,7.55,0.207564
"annual-personal-wellbeing-estimates-Satisfaction mean score (where 10 is 'completely satisfied')","lower",2011,7.46,0.207564
"annual-personal-wellbeing-estimates-Satisfaction mean score (where 10 is 'completely satisfied')","lower",2016,7.7,0.185325
"annual-personal-wellbeing-estimates-Satisfaction mean score (where 10 is 'completely satisfied')","lower",2017,7.73,0.192738
"annual-personal-wellbeing-estimates-Satisfaction mean score (where 10 is 'completely satisfied')","lower",2019,7.69,0.177912
"annual-personal-wellbeing-estimates-Satisfaction mean score (where 10 is 'completely satisfied')","lower",2014,7.65,0.192738000000001
"annual-personal-wellbeing-estimates-Satisfaction mean score (where 10 is 'completely satisfied')","lower",2012,7.5,0.207564
"annual-personal-wellbeing-estimates-Satisfaction mean score (where 10 is 'completely satisfied')","lower",2020,7.41,0.207564
